Time,Formation Manufacturing,Formation Construction,Formation Wholesale Trade,Formation Retail Trade,Formation Transportation & Storage,Formation Accommodation,Formation Food & Beverage Services,Formation Information & Communications,Formation Finance & Insurance,Formation Real Estate,Formation Professional Services,Formation Administrative & Support Services,"Formation Education, Health & Social Services","Formation Arts, Entertainment, Recreation & Other Services",Formation Others
  2023 Jan,183,248,708,461,201,11,221,690,546,50,900,211,280,293,33
  2022 Dec,197,247,804,422,172,3,214,693,678,56,879,196,257,293,24
  2022 Nov,232,266,901,410,216,6,233,777,703,60,983,212,296,330,36
  2022 Oct,192,251,829,405,218,3,289,691,592,75,780,199,238,322,28
  2022 Sep,192,290,855,455,226,8,322,743,723,80,909,228,282,330,26
  2022 Aug,216,291,912,523,243,19,295,856,703,59,897,209,227,379,30
  2022 Jul,190,236,808,472,218,9,302,723,736,51,900,200,229,336,27
  2022 Jun,196,306,754,384,229,7,303,763,698,50,857,186,222,383,32
  2022 May,198,259,751,379,207,5,260,734,610,66,884,190,239,342,25
  2022 Apr,203,268,723,376,220,2,301,729,818,74,887,192,215,424,23
  2022 Mar,226,315,717,504,238,5,310,858,720,78,891,177,236,344,32
  2022 Feb,207,281,578,391,205,4,234,729,622,44,764,159,209,268,22
  2022 Jan,188,251,691,462,196,3,272,760,704,49,839,174,223,255,22
  2021 Dec,196,240,683,415,211,5,268,828,746,51,765,157,213,298,36
  2021 Nov,199,251,770,477,218,11,271,831,777,56,761,172,247,286,29
  2021 Oct,203,229,625,749,232,6,312,632,719,64,803,146,242,267,39
  2021 Sep,226,256,652,728,220,2,334,658,734,64,800,154,248,291,18
  2021 Aug,216,250,675,794,255,7,288,588,708,52,808,152,266,293,29
  2021 Jul,248,256,722,725,247,5,306,621,759,57,808,191,262,341,39
  2021 Jun,237,238,683,740,262,5,293,686,698,65,825,154,261,301,22
  2021 May,190,228,634,701,230,9,296,602,635,40,829,129,267,269,32
  2021 Apr,236,265,712,706,266,4,400,661,693,69,910,203,322,363,34
  2021 Mar,264,298,806,834,262,4,444,728,730,73,956,197,329,434,41
  2021 Feb,181,216,599,595,204,2,298,470,521,40,768,146,272,255,25
  2021 Jan,267,292,777,807,261,4,424,566,627,69,948,190,340,344,36
  2020 Dec,212,249,762,776,213,5,355,558,568,73,819,164,294,325,32
  2020 Nov,237,238,849,832,221,4,359,578,560,57,847,178,299,329,45
  2020 Oct,251,277,990,954,280,10,428,611,592,95,946,214,320,372,44
  2020 Sep,231,237,1043,900,270,9,366,609,581,63,885,175,299,348,31
  2020 Aug,264,205,1205,955,318,6,336,705,474,43,931,179,245,314,30
  2020 Jul,247,214,1232,965,286,3,315,595,529,53,837,188,287,325,24
  2020 Jun,241,148,1043,995,268,2,237,617,442,44,790,192,235,273,36
  2020 May,155,92,692,668,169,2,135,420,349,30,597,102,187,169,37
  2020 Apr,130,102,693,543,232,5,138,444,365,21,632,112,177,153,21
  2020 Mar,205,226,852,480,212,6,216,489,531,51,877,246,267,268,43
  2020 Feb,131,209,741,399,215,6,204,491,481,47,863,231,235,235,27
  2020 Jan,167,205,899,476,240,5,196,547,530,53,960,244,283,251,26
  2019 Dec,153,165,891,432,249,10,181,507,589,47,795,209,212,236,39
  2019 Nov,167,186,937,455,252,5,241,623,679,47,810,208,273,271,28
  2019 Oct,179,215,993,520,237,7,253,626,564,67,891,236,275,332,38
  2019 Sep,189,190,934,527,302,6,282,645,590,63,969,224,288,305,35
  2019 Aug,185,176,875,460,260,6,261,594,570,72,875,229,247,281,35
  2019 Jul,214,250,925,559,295,6,275,668,585,63,1005,252,288,338,40
  2019 Jun,140,205,754,431,201,7,222,525,478,41,808,192,237,280,32
  2019 May,193,258,834,494,260,12,255,555,514,75,900,228,282,318,35
  2019 Apr,167,267,874,517,208,10,288,559,509,41,902,225,284,306,25
  2019 Mar,177,324,842,492,244,13,281,548,509,64,977,245,283,338,33
  2019 Feb,141,192,665,391,191,11,183,422,358,44,732,202,223,235,25
  2019 Jan,197,288,896,520,271,8,263,562,522,67,920,285,321,309,43
  2018 Dec,120,192,736,372,247,15,199,427,422,39,693,177,178,256,19
  2018 Nov,182,204,812,433,209,6,251,571,489,45,796,206,255,256,27
  2018 Oct,186,263,891,454,258,11,289,641,525,50,960,229,306,297,35
  2018 Sep,153,199,839,373,206,9,269,581,507,40,823,226,282,272,33
  2018 Aug,166,223,908,486,227,9,301,840,490,53,976,219,328,296,29
  2018 Jul,173,241,857,474,254,8,310,865,488,68,933,249,282,322,31
  2018 Jun,135,203,801,434,233,10,299,698,548,55,914,215,265,262,30
  2018 May,169,229,873,455,261,7,334,767,519,72,921,242,326,262,37
  2018 Apr,181,282,936,439,284,10,286,695,469,62,953,255,289,317,17
  2018 Mar,138,259,852,459,331,8,305,726,516,75,954,258,315,310,43
  2018 Feb,124,168,693,348,202,5,216,698,390,57,775,200,243,207,23
  2018 Jan,192,253,968,489,302,5,282,686,503,76,1035,257,331,296,33
  2017 Dec,130,176,733,344,261,11,225,432,403,65,682,175,257,210,24
  2017 Nov,150,225,854,441,308,6,322,521,515,76,804,208,315,277,29
  2017 Oct,153,204,805,491,295,7,296,476,450,68,837,259,338,274,44
  2017 Sep,148,225,823,443,480,5,276,494,443,67,763,220,267,254,27
  2017 Aug,179,249,877,483,547,7,312,457,495,79,889,252,319,298,31
  2017 Jul,181,275,837,456,681,8,306,520,396,60,859,260,299,306,20
  2017 Jun,148,254,819,457,826,7,272,460,420,72,804,228,247,255,31
  2017 May,189,258,929,514,854,10,282,460,428,68,861,240,322,321,35
  2017 Apr,174,215,763,421,691,10,264,383,383,42,720,210,276,276,23
  2017 Mar,195,307,929,484,982,11,310,484,460,55,882,261,298,375,26
  2017 Feb,178,242,762,436,931,6,233,394,325,58,792,230,284,239,29
  2017 Jan,186,220,655,448,883,7,200,399,297,37,837,230,282,239,24
  2016 Dec,160,216,723,391,938,7,202,376,360,42,667,209,242,226,36
  2016 Nov,169,206,723,452,823,13,236,413,396,58,715,219,246,280,39
  2016 Oct,160,249,745,497,922,9,242,450,427,72,780,236,285,301,35
  2016 Sep,172,250,782,489,957,5,274,473,420,51,770,254,270,282,37
  2016 Aug,182,259,783,474,900,7,249,385,361,52,767,236,280,303,48
  2016 Jul,161,228,785,507,917,3,247,429,384,55,746,270,284,288,38
  2016 Jun,181,262,849,523,906,6,244,466,415,55,877,276,304,294,37
  2016 May,167,285,854,496,950,4,267,446,411,46,802,291,250,302,39
  2016 Apr,211,281,873,535,1387,12,289,534,327,52,869,298,331,324,47
  2016 Mar,209,325,899,599,1127,10,263,533,406,55,943,335,349,368,36
  2016 Feb,156,221,659,410,798,4,206,387,314,26,716,232,253,252,27
  2016 Jan,150,250,713,454,847,3,249,359,305,34,702,248,230,260,27
  2015 Dec,115,216,712,416,941,7,180,367,409,36,660,192,255,235,23
  2015 Nov,162,221,712,523,1081,5,231,390,363,48,735,245,303,283,25
  2015 Oct,185,281,905,688,1234,10,324,550,393,48,902,275,369,333,36
  2015 Sep,214,297,766,531,1374,9,238,499,404,57,787,282,295,284,27
  2015 Aug,182,226,844,539,981,6,245,431,405,63,778,265,311,281,41
  2015 Jul,214,320,832,622,875,8,265,488,405,68,868,313,358,301,25
  2015 Jun,196,251,774,545,548,7,260,448,380,54,788,306,288,291,22
  2015 May,190,314,813,563,483,10,280,424,394,61,922,283,284,319,37
  2015 Apr,204,318,882,560,370,11,257,517,431,39,906,267,307,350,33
  2015 Mar,220,304,915,560,310,7,296,470,498,54,925,281,329,316,24
  2015 Feb,126,215,643,394,207,7,201,364,313,46,656,189,238,222,29
  2015 Jan,238,305,897,588,268,4,257,449,354,59,943,291,341,285,29
  2014 Dec,183,247,978,941,323,4,272,567,396,52,929,332,355,349,36
  2014 Nov,265,248,1143,1286,336,9,291,631,398,35,973,353,411,427,28
  2014 Oct,248,286,1247,1495,353,8,339,720,434,57,1145,387,442,500,46
  2014 Sep,238,329,1368,1727,375,7,316,731,429,45,1239,592,487,593,44
  2014 Aug,209,295,1143,1093,296,2,318,657,362,73,1120,402,385,414,25
  2014 Jul,237,337,1038,1010,260,11,290,620,416,55,1156,357,406,407,28
  2014 Jun,203,300,1108,949,251,7,264,691,399,68,1082,348,390,409,27
  2014 May,230,298,1070,904,229,7,258,577,418,57,1015,319,371,346,41
  2014 Apr,244,351,1008,700,278,7,295,526,451,51,1041,330,359,406,38
  2014 Mar,250,350,1037,858,249,10,308,559,501,65,1000,340,346,398,32
  2014 Feb,169,284,812,541,218,8,194,426,345,54,867,285,267,305,13
  2014 Jan,187,281,916,533,213,11,222,445,374,53,889,299,345,317,36
  2013 Dec,167,242,769,483,197,5,212,407,364,56,770,232,312,247,25
  2013 Nov,205,261,872,555,208,10,232,398,419,47,734,227,300,265,30
  2013 Oct,191,307,901,564,210,8,259,422,438,82,915,283,350,300,35
  2013 Sep,196,300,875,574,175,9,216,459,377,47,866,307,310,299,21
  2013 Aug,207,256,878,576,183,6,256,459,419,73,786,255,298,252,24
  2013 Jul,232,302,977,641,229,11,270,479,466,79,868,287,335,312,33
  2013 Jun,186,274,813,564,196,14,241,409,435,84,806,279,288,322,28
  2013 May,218,296,938,594,219,8,268,441,478,91,883,284,323,311,27
  2013 Apr,238,364,1017,590,259,15,299,438,529,87,907,305,315,329,24
  2013 Mar,217,324,915,551,204,14,220,439,504,102,876,275,292,299,25
  2013 Feb,143,212,584,359,191,4,170,308,389,78,622,215,233,196,23
  2013 Jan,188,301,933,520,215,16,236,369,491,108,884,265,360,276,25
  2012 Dec,161,206,669,398,177,11,192,309,398,75,609,202,239,220,29
  2012 Nov,174,243,745,499,177,9,220,335,515,102,705,233,267,239,26
  2012 Oct,171,288,909,507,181,14,228,344,490,105,797,290,333,288,32
  2012 Sep,163,237,769,500,162,7,225,328,399,86,692,256,284,259,24
  2012 Aug,176,266,940,553,172,12,260,400,439,82,789,253,283,296,24
  2012 Jul,187,287,895,564,194,13,246,361,412,83,805,288,278,297,27
  2012 Jun,184,238,853,483,190,9,234,337,428,90,704,240,275,270,43
  2012 May,211,280,870,564,218,18,291,365,457,90,773,247,283,289,31
  2012 Apr,198,324,919,473,226,15,264,356,450,84,797,265,244,283,40
  2012 Mar,203,332,975,577,199,9,292,360,500,101,855,311,283,330,31
  2012 Feb,203,336,930,496,213,8,249,356,498,77,847,292,291,355,31
  2012 Jan,182,269,718,433,171,5,204,294,345,44,648,230,258,252,19
  2011 Dec,161,203,749,397,173,5,192,326,364,53,581,241,198,236,37
  2011 Nov,188,298,855,430,191,9,232,313,458,83,733,272,249,264,31
  2011 Oct,168,243,827,471,175,9,225,293,371,106,714,225,286,299,39
  2011 Sep,150,279,806,473,160,15,247,318,467,69,666,237,243,297,30
  2011 Aug,187,251,805,439,190,4,210,353,403,76,698,240,275,252,43
  2011 Jul,233,318,891,552,203,10,279,342,466,96,818,264,288,304,44
  2011 Jun,213,293,873,498,175,8,248,333,464,110,723,279,239,274,35
  2011 May,205,278,931,492,201,15,269,306,463,90,687,274,237,258,28
  2011 Apr,207,302,906,499,199,14,273,309,498,103,775,254,279,287,41
  2011 Mar,269,378,967,570,236,9,265,356,463,83,832,327,276,356,30
  2011 Feb,173,257,707,359,152,7,211,283,378,82,631,285,221,230,23
  2011 Jan,228,289,917,478,212,10,227,344,429,99,814,292,311,269,32
  2010 Dec,205,266,764,416,179,8,242,321,411,89,626,249,223,284,30
  2010 Nov,183,235,724,412,162,7,245,273,425,93,624,220,214,231,38
  2010 Oct,198,304,851,442,165,9,256,288,390,88,758,283,290,306,21
  2010 Sep,194,280,815,454,208,11,227,297,445,98,678,263,260,310,31
  2010 Aug,184,282,836,392,160,3,261,296,427,117,635,226,239,245,27
  2010 Jul,210,304,876,493,187,11,249,293,397,101,752,247,240,286,28
  2010 Jun,201,297,863,449,182,12,251,302,359,77,704,266,235,288,27
  2010 May,222,297,783,446,167,10,239,312,335,83,645,245,245,312,21
  2010 Apr,218,326,949,489,167,6,299,319,420,92,746,271,290,296,26
  2010 Mar,233,355,952,493,204,10,271,314,481,72,768,268,308,337,32
  2010 Feb,166,234,699,343,160,7,173,267,331,61,618,188,196,251,17
  2010 Jan,216,279,848,438,168,9,246,268,387,66,718,253,275,314,15
  2009 Dec,185,228,758,375,141,4,205,223,370,74,603,196,225,284,21
  2009 Nov,188,211,772,430,168,5,225,208,344,82,609,211,219,266,21
  2009 Oct,202,287,856,445,172,7,242,294,323,85,733,239,256,348,33
  2009 Sep,180,263,850,555,175,5,244,263,356,94,760,235,248,327,23
  2009 Aug,180,237,813,451,190,13,259,252,287,66,693,230,244,334,27
  2009 Jul,235,318,932,476,210,7,265,297,343,82,767,270,277,395,23
  2009 Jun,179,297,893,495,191,11,284,303,278,70,751,247,225,361,28
  2009 May,201,288,890,433,202,3,249,262,252,59,1355,224,220,332,28
  2009 Apr,214,257,887,425,179,11,249,237,249,78,729,225,240,390,26
  2009 Mar,236,329,939,514,200,9,305,315,254,67,776,287,234,385,25
  2009 Feb,208,267,807,407,177,15,245,263,233,56,668,249,253,340,27
  2009 Jan,194,224,755,404,177,12,244,253,224,54,673,251,249,278,14
  2008 Dec,141,138,557,262,116,11,152,160,193,42,448,207,145,239,13
  2008 Nov,180,179,651,329,136,7,237,219,195,43,482,190,176,309,22
  2008 Oct,198,256,800,372,166,16,240,259,220,46,559,246,217,333,25
  2008 Sep,235,289,753,396,193,11,230,236,297,70,615,238,230,352,31
  2008 Aug,221,274,886,419,196,9,247,270,342,62,655,238,238,350,49
  2008 Jul,294,317,951,496,239,20,272,284,376,72,764,278,243,432,46
  2008 Jun,203,279,797,371,199,12,234,224,337,52,657,228,183,358,37
  2008 May,269,297,835,406,229,18,230,265,394,59,621,256,246,434,35
  2008 Apr,258,339,892,490,237,17,278,252,384,72,734,290,197,348,35
  2008 Mar,265,331,817,435,203,25,267,223,405,58,633,236,205,349,26
  2008 Feb,181,222,648,269,173,12,187,199,305,69,484,191,151,247,30
  2008 Jan,259,276,872,408,206,9,261,287,347,83,679,285,267,326,37
  2007 Dec,162,217,595,295,153,4,186,195,325,61,465,195,149,259,27
  2007 Nov,209,231,755,372,215,11,224,213,419,71,535,213,193,327,39
  2007 Oct,224,298,815,393,183,9,336,277,444,110,593,233,212,334,31
  2007 Sep,191,253,736,357,194,12,218,198,348,84,532,232,172,319,25
  2007 Aug,221,261,843,405,189,10,248,250,407,102,617,229,235,347,26
  2007 Jul,248,258,855,406,209,15,270,260,467,138,595,242,195,323,34
  2007 Jun,231,288,834,404,200,6,256,237,457,96,621,223,190,345,32
  2007 May,229,274,868,423,209,11,262,246,423,107,610,272,212,348,31
  2007 Apr,215,280,859,426,189,13,258,253,352,87,626,240,204,396,32
  2007 Mar,212,288,872,458,228,9,293,255,343,85,644,276,193,376,26
  2007 Feb,163,177,625,264,170,3,176,204,240,57,430,198,185,240,12
  2007 Jan,217,238,866,374,175,6,244,266,277,80,554,243,207,299,27
  2006 Dec,184,190,711,325,152,3,166,196,330,55,502,208,167,252,24
  2006 Nov,182,196,751,385,176,7,218,240,336,72,573,199,161,308,24
  2006 Oct,179,229,778,436,154,6,240,258,318,68,575,206,201,285,18
  2006 Sep,207,229,844,405,134,6,218,275,297,81,535,231,225,311,27
  2006 Aug,210,225,836,419,167,3,221,257,285,69,491,217,166,293,29
  2006 Jul,194,228,807,410,139,10,179,241,240,61,466,242,158,351,22
  2006 Jun,178,224,809,441,179,11,225,254,289,58,470,228,152,346,27
  2006 May,209,230,854,412,157,3,213,266,271,61,512,204,175,346,22
  2006 Apr,193,194,812,401,155,7,240,218,225,51,520,201,144,357,24
  2006 Mar,224,285,966,422,207,13,274,280,298,74,615,260,200,436,25
  2006 Feb,162,210,758,363,162,5,173,217,198,46,490,216,156,365,11
  2006 Jan,159,160,635,279,124,5,136,198,197,32,449,197,150,250,19
  2005 Dec,165,193,729,343,143,8,151,222,268,44,405,222,148,317,24
  2005 Nov,134,166,736,356,140,3,190,228,241,43,409,185,162,319,21
  2005 Oct,184,206,823,357,147,3,218,221,241,54,503,214,210,324,29
  2005 Sep,178,199,849,447,162,7,230,236,221,52,493,205,174,337,19
  2005 Aug,166,184,872,474,174,7,209,241,222,48,519,212,188,350,27
  2005 Jul,181,201,833,404,148,3,235,234,184,59,441,206,175,319,17
  2005 Jun,172,208,851,371,185,6,190,225,232,35,482,218,166,312,19
  2005 May,191,196,902,366,155,3,165,217,197,55,474,313,192,284,17
  2005 Apr,178,218,921,349,180,5,196,205,220,65,492,320,176,337,22
  2005 Mar,162,225,891,439,172,4,225,196,195,66,444,303,167,332,23
  2005 Feb,110,141,628,230,145,3,115,142,170,36,365,216,126,211,21
  2005 Jan,155,153,799,304,151,3,164,194,197,54,502,277,164,239,20
  2004 Dec,146,161,831,315,144,9,181,184,262,51,453,260,165,297,20
  2004 Nov,143,141,752,300,145,7,180,138,173,51,454,237,139,276,13
  2004 Oct,151,177,883,346,130,7,195,229,198,48,491,287,139,305,21
  2004 Sep,157,163,848,337,173,15,183,177,197,66,464,253,149,290,19
  2004 Aug,132,186,908,357,153,10,179,193,162,44,500,261,184,296,20
  2004 Jul,138,191,942,421,156,3,241,234,173,50,459,279,173,312,23
  2004 Jun,138,173,867,316,142,7,188,196,175,62,495,226,188,259,23
  2004 May,174,185,837,414,159,10,198,218,182,48,452,214,179,296,26
  2004 Apr,162,233,909,352,167,1,191,193,188,59,596,257,174,298,21
  2004 Mar,152,218,968,398,204,6,196,236,182,58,518,275,180,332,18
  2004 Feb,134,205,794,382,162,8,189,206,173,42,443,247,170,290,23
  2004 Jan,91,162,704,268,149,1,124,195,134,50,444,195,155,206,12
  2003 Dec,110,148,819,313,133,3,198,185,209,49,416,228,161,257,11
  2003 Nov,125,171,737,295,143,4,153,180,152,40,373,212,171,272,20
  2003 Oct,123,181,972,376,140,2,228,232,160,45,476,235,230,321,25
  2003 Sep,160,220,936,399,159,11,201,247,156,46,502,246,153,286,22
  2003 Aug,128,171,891,346,151,6,181,240,134,50,502,224,166,282,18
  2003 Jul,134,188,851,368,173,6,195,256,124,40,508,272,160,288,21
  2003 Jun,125,191,833,356,132,1,165,229,129,53,430,232,172,267,20
  2003 May,138,213,775,331,141,4,158,198,123,33,418,209,141,226,18
  2003 Apr,156,180,730,288,147,6,159,190,98,46,370,236,155,201,15
  2003 Mar,158,214,886,356,161,3,161,231,105,41,501,255,158,303,12
  2003 Feb,109,184,684,278,113,2,122,179,82,32,327,202,137,203,10
  2003 Jan,102,164,738,273,139,4,125,166,120,34,396,192,160,217,10
  2002 Dec,106,146,588,296,114,5,133,144,97,34,333,212,149,206,15
  2002 Nov,128,144,686,335,126,5,172,179,88,26,367,205,194,199,17
  2002 Oct,155,219,800,441,164,7,177,237,102,29,431,248,187,241,26
  2002 Sep,130,207,783,406,141,5,171,207,92,37,371,203,171,235,17
  2002 Aug,133,211,728,369,149,3,187,218,93,34,411,231,152,240,17
  2002 Jul,153,204,815,377,168,2,178,220,90,29,443,243,191,225,22
  2002 Jun,151,183,633,325,126,3,123,204,86,33,361,174,149,161,14
  2002 May,156,221,846,374,132,7,165,212,113,46,414,234,178,251,7
  2002 Apr,138,240,848,409,159,2,169,221,99,37,490,227,160,223,13
  2002 Mar,163,245,783,389,119,5,166,228,120,38,473,215,149,224,14
  2002 Feb,123,173,564,248,91,4,98,200,79,26,328,166,130,131,9
  2002 Jan,142,233,645,286,140,4,134,213,65,27,356,177,133,201,11
  2001 Dec,137,174,544,240,108,4,103,164,75,20,327,116,132,162,9
  2001 Nov,185,190,584,282,127,0,148,157,96,53,342,154,151,177,8
  2001 Oct,153,221,676,378,148,3,191,218,87,35,361,156,152,210,15
  2001 Sep,193,197,687,352,113,4,166,178,85,28,294,163,118,182,11
  2001 Aug,209,246,735,396,121,4,189,199,75,50,343,164,130,195,18
  2001 Jul,175,248,652,338,140,1,191,189,97,39,342,180,115,190,8
  2001 Jun,170,221,597,306,132,5,171,175,88,37,289,184,110,187,13
  2001 May,195,247,616,309,146,1,170,177,107,32,322,157,109,276,17
  2001 Apr,183,256,631,292,135,3,145,180,98,30,290,173,108,184,12
  2001 Mar,157,329,682,323,162,3,140,210,99,45,376,208,125,211,14
  2001 Feb,152,286,612,288,136,2,118,219,100,33,333,169,117,219,22
  2001 Jan,121,241,516,217,134,4,111,184,106,21,274,136,91,139,12
  2000 Dec,124,200,509,209,121,5,108,209,157,23,258,122,97,132,8
  2000 Nov,149,239,605,288,127,3,118,231,146,30,309,200,125,153,7
  2000 Oct,166,235,612,272,135,1,125,239,139,42,286,164,97,176,13
  2000 Sep,188,281,651,343,125,2,142,260,167,45,341,192,99,169,13
  2000 Aug,224,276,578,318,132,5,112,286,123,53,342,172,103,196,9
  2000 Jul,243,333,698,353,141,4,127,345,131,50,303,194,114,185,21
  2000 Jun,246,320,651,320,142,6,142,348,185,50,344,195,114,205,16
  2000 May,230,306,650,382,127,15,133,379,136,54,355,189,115,204,11
  2000 Apr,232,313,714,325,147,9,118,419,146,40,334,177,103,207,15
  2000 Mar,239,439,742,456,177,7,115,506,171,55,372,282,146,222,15
  2000 Feb,175,325,623,310,123,3,95,358,123,58,333,170,88,173,11
  2000 Jan,169,231,598,306,134,4,101,304,121,71,274,186,102,149,12
  1999 Dec,180,276,634,304,144,3,103,303,143,53,300,159,122,157,10
  1999 Nov,153,275,575,377,125,6,103,258,119,48,281,161,114,186,13
  1999 Oct,182,340,690,369,159,2,155,277,116,56,347,168,110,228,14
  1999 Sep,175,325,695,395,157,2,154,252,114,49,309,156,119,213,7
  1999 Aug,168,323,630,335,127,2,129,195,110,62,276,146,112,196,11
  1999 Jul,182,371,720,363,152,5,154,260,127,61,333,176,131,202,14
  1999 Jun,183,323,687,342,136,3,125,209,92,77,291,183,112,197,3
  1999 May,195,381,674,394,167,2,152,219,85,67,277,159,95,197,16
  1999 Apr,208,405,710,417,156,1,144,184,79,75,318,164,123,222,15
  1999 Mar,206,398,721,359,143,0,131,180,77,51,330,162,128,221,24
  1999 Feb,127,234,503,215,120,3,88,124,58,38,218,97,77,133,7
  1999 Jan,146,252,592,314,111,3,104,151,63,38,237,116,84,171,14
  1998 Dec,166,284,608,310,117,2,135,129,73,67,241,117,105,154,9
  1998 Nov,174,278,584,346,116,0,110,114,75,54,254,134,107,177,9
  1998 Oct,173,313,694,333,115,4,133,155,90,46,253,133,85,165,8
  1998 Sep,154,244,603,361,131,1,129,120,72,51,277,133,110,184,11
  1998 Aug,141,301,605,321,120,3,131,117,66,41,234,138,93,168,17
  1998 Jul,162,309,607,374,107,3,141,127,67,57,284,136,111,187,7
  1998 Jun,168,296,624,294,118,5,115,134,54,50,220,131,102,157,12
  1998 May,153,278,566,275,112,3,118,130,69,49,229,141,90,165,15
  1998 Apr,176,325,559,338,122,4,114,124,70,60,257,149,94,169,15
  1998 Mar,201,336,608,336,152,3,121,129,67,59,285,179,91,208,10
  1998 Feb,185,339,527,275,121,5,100,108,64,35,217,130,75,175,4
  1998 Jan,105,209,424,163,114,5,79,94,68,33,214,105,71,128,10
  1997 Dec,147,232,525,269,107,4,100,114,94,69,243,104,86,138,6
  1997 Nov,149,276,580,267,112,8,118,98,104,61,255,154,80,156,13
  1997 Oct,188,303,636,320,106,6,130,118,95,61,279,139,104,166,15
  1997 Sep,169,338,711,325,155,2,135,140,115,62,268,159,84,169,18
  1997 Aug,171,316,607,308,143,3,105,119,96,60,247,147,73,156,11
  1997 Jul,202,364,712,357,154,5,122,138,150,65,333,164,107,199,17
  1997 Jun,163,349,635,258,141,1,130,117,123,73,271,115,81,171,16
  1997 May,166,384,691,322,138,3,128,110,122,86,287,133,76,166,14
  1997 Apr,213,374,733,314,169,9,160,131,146,99,275,130,75,173,20
  1997 Mar,206,446,689,318,163,2,142,137,148,110,278,147,71,208,10
  1997 Feb,142,322,448,214,117,6,95,107,82,54,231,92,58,130,12
  1997 Jan,186,334,634,266,139,4,98,138,140,91,279,122,73,116,17
  1996 Dec,143,299,587,271,131,6,99,128,178,72,276,95,82,123,16
  1996 Nov,184,323,618,296,116,9,137,121,116,79,249,121,72,156,14
  1996 Oct,198,424,707,324,169,4,141,124,116,113,274,112,89,167,8
  1996 Sep,189,334,644,285,133,3,150,124,133,82,251,115,75,131,14
  1996 Aug,181,339,655,276,154,3,126,106,121,91,279,133,64,140,12
  1996 Jul,228,407,649,287,135,8,140,120,136,96,288,158,75,168,18
  1996 Jun,196,348,660,284,139,11,110,108,129,89,288,132,84,160,14
  1996 May,230,358,743,346,135,4,133,110,154,103,270,111,90,171,10
  1996 Apr,191,373,711,326,171,2,128,82,121,114,288,111,62,158,10
  1996 Mar,222,459,726,345,157,1,159,105,139,110,274,113,85,165,16
  1996 Feb,156,281,514,196,115,4,102,83,116,73,200,94,65,126,7
  1996 Jan,191,322,678,267,157,6,98,94,114,115,259,129,66,157,13
  1995 Dec,155,262,587,232,113,1,93,88,116,75,215,86,63,119,3
  1995 Nov,200,307,699,269,142,3,128,89,126,95,237,124,87,110,11
  1995 Oct,164,299,661,281,130,6,107,98,130,82,203,103,75,135,16
  1995 Sep,174,281,679,339,143,6,119,75,144,112,254,110,72,144,7
  1995 Aug,197,265,726,293,138,6,148,92,123,101,248,101,67,140,14
  1995 Jul,194,313,690,296,149,5,136,87,152,113,269,101,89,147,10
  1995 Jun,210,320,706,336,148,1,121,93,146,86,242,106,71,157,15
  1995 May,192,291,668,286,127,1,132,76,133,94,266,93,56,143,12
  1995 Apr,244,324,686,333,152,4,121,74,133,120,265,112,52,162,13
  1995 Mar,299,373,783,338,178,8,108,82,105,115,272,102,82,172,8
  1995 Feb,207,263,628,265,141,0,92,93,102,82,229,93,64,131,7
  1995 Jan,145,252,629,222,135,2,83,83,126,102,200,87,56,103,18
  1994 Dec,168,224,657,253,126,3,106,83,137,107,204,78,76,84,17
  1994 Nov,173,243,770,301,145,3,125,74,154,117,210,97,70,148,10
  1994 Oct,193,277,777,331,129,3,113,84,168,116,233,110,73,144,13
  1994 Sep,190,275,786,338,155,9,115,67,172,116,276,102,64,162,14
  1994 Aug,215,268,699,305,139,3,116,88,111,102,235,97,71,150,9
  1994 Jul,205,289,701,308,145,2,109,58,132,120,245,91,68,146,12
  1994 Jun,195,278,771,344,150,2,91,78,133,103,249,96,59,147,11
  1994 May,200,249,747,295,151,7,95,74,136,107,245,95,44,152,9
  1994 Apr,230,284,796,316,162,2,101,82,117,125,241,94,51,159,15
  1994 Mar,251,324,891,356,155,4,128,73,159,139,261,104,70,148,14
  1994 Feb,179,258,601,194,119,0,57,67,101,82,186,69,51,121,8
  1994 Jan,166,208,719,241,154,3,93,64,135,109,209,82,57,132,16
  1993 Dec,172,229,724,260,120,4,74,72,129,63,174,83,74,125,10
  1993 Nov,147,242,641,281,132,5,109,59,116,87,193,87,47,122,14
  1993 Oct,205,265,708,290,124,1,96,81,98,109,243,90,51,125,6
  1993 Sep,208,246,747,316,155,4,110,59,111,108,220,87,56,135,14
  1993 Aug,228,268,674,282,126,2,123,54,102,104,204,84,53,127,12
  1993 Jul,204,269,792,312,125,3,121,91,137,113,214,87,61,155,5
  1993 Jun,209,257,733,314,133,2,92,71,132,108,224,90,65,119,8
  1993 May,219,282,752,330,127,5,102,83,119,128,245,90,61,134,14
  1993 Apr,201,271,802,382,167,0,107,72,107,131,235,95,57,124,14
  1993 Mar,268,308,819,371,168,4,108,88,102,106,249,103,57,146,9
  1993 Feb,215,344,756,330,147,3,99,56,86,88,217,97,58,146,14
  1993 Jan,164,180,570,215,124,3,58,59,76,80,164,68,45,109,4
  1992 Dec,146,203,653,228,127,0,89,61,86,87,192,82,44,114,5
  1992 Nov,174,217,616,277,117,4,101,58,62,69,179,72,41,121,11
  1992 Oct,217,239,773,337,119,1,79,59,82,93,169,95,49,122,10
  1992 Sep,192,240,662,311,115,1,85,62,77,82,208,87,55,131,7
  1992 Aug,158,225,634,277,112,3,83,70,76,84,151,65,46,110,9
  1992 Jul,220,238,708,275,134,7,105,70,85,104,195,88,69,115,10
  1992 Jun,203,241,624,288,137,1,88,64,68,75,165,83,46,98,11
  1992 May,190,237,674,287,114,2,96,52,59,88,193,101,44,120,9
  1992 Apr,217,212,671,306,131,2,77,41,59,83,181,122,52,135,9
  1992 Mar,207,268,738,328,152,7,109,67,79,99,217,132,41,146,3
  1992 Feb,177,257,607,256,126,0,73,47,55,68,145,114,34,104,4
  1992 Jan,183,217,673,275,123,1,86,54,63,61,156,129,33,111,6
  1991 Dec,154,174,525,249,95,0,60,47,71,56,144,118,49,93,8
  1991 Nov,190,205,577,286,111,3,71,46,53,70,137,103,37,98,3
  1991 Oct,185,216,677,310,128,2,105,63,50,83,191,130,46,119,4
  1991 Sep,184,219,633,278,95,3,89,50,53,86,147,104,36,105,9
  1991 Aug,182,303,651,267,126,1,78,62,63,97,164,88,40,107,10
  1991 Jul,246,326,700,335,126,2,97,65,59,83,177,111,45,107,8
  1991 Jun,202,263,689,277,145,1,76,51,62,90,173,115,31,119,9
  1991 May,217,326,597,291,125,4,74,54,72,93,168,126,45,126,8
  1991 Apr,234,341,659,269,142,1,88,56,59,90,177,114,41,112,6
  1991 Mar,207,276,605,258,149,1,79,64,48,83,164,85,31,126,11
  1991 Feb,147,220,454,162,92,0,39,33,37,57,122,82,21,78,4
  1991 Jan,190,250,596,224,105,0,73,52,41,69,185,92,48,113,7
  1990 Dec,148,141,445,170,82,3,56,35,53,59,108,70,30,83,3
  1990 Nov,196,187,547,258,96,2,62,42,61,71,136,94,35,103,9
  1990 Oct,195,216,612,350,123,0,86,50,69,55,155,84,32,100,9
  1990 Sep,193,193,553,252,89,1,44,55,74,57,145,85,25,112,4
  1990 Aug,206,220,676,326,147,2,66,49,52,84,148,110,36,122,11
  1990 Jul,181,218,586,298,117,0,74,54,81,60,139,116,34,92,3
  1990 Jun,191,205,584,313,121,3,78,37,88,78,124,85,49,102,7
  1990 May,237,233,630,325,109,2,84,47,73,86,170,97,41,134,8
  1990 Apr,175,202,627,264,104,1,67,39,70,62,132,65,32,116,2
  1990 Mar,248,239,668,325,126,1,83,61,82,76,166,121,40,134,5
  1990 Feb,212,216,548,261,112,2,74,49,57,69,143,113,37,101,3
  1990 Jan,168,147,536,207,119,4,52,24,51,66,124,89,34,93,5
